{"projectIdentifier":"SG-29580","commitHash":"42fe56e","defineSymbols":"ANDROID_USE_SWAPPY;CSHARP_7_3_OR_NEWER;CSHARP_7_OR_LATER;DEBUG;DEVELOPMENT_BUILD;ENABLE_ACCELERATOR_CLIENT_DEBUGGING;ENABLE_AR;ENABLE_AUDIO;ENABLE_CACHING;ENABLE_CLOTH;ENABLE_CLOUD_LICENSE;ENABLE_CLOUD_SERVICES;ENABLE_CLOUD_SERVICES_ADS;ENABLE_CLOUD_SERVICES_ANALYTICS;ENABLE_CLOUD_SERVICES_BUILD;ENABLE_CLOUD_SERVICES_CRASH_REPORTING;ENABLE_CLOUD_SERVICES_NATIVE_CRASH_REPORTING;ENABLE_CLOUD_SERVICES_PURCHASING;ENABLE_CLOUD_SERVICES_USE_WEBREQUEST;ENABLE_CRUNCH_TEXTURE_COMPRESSION;ENABLE_CUSTOM_RENDER_TEXTURE;ENABLE_DIRECTOR;ENABLE_DIRECTOR_AUDIO;ENABLE_DIRECTOR_TEXTURE;ENABLE_EDITOR_GAME_SERVICES;ENABLE_EDITOR_HUB_LICENSE;ENABLE_EGL;ENABLE_ENGINE_CODE_STRIPPING;ENABLE_EVENT_QUEUE;ENABLE_GENERATE_NATIVE_PLUGINS_FOR_ASSEMBLIES_API;ENABLE_LEGACY_INPUT_MANAGER;ENABLE_LOCALIZATION;ENABLE_LZMA;ENABLE_MANAGED_ANIMATION_JOBS;ENABLE_MANAGED_AUDIO_JOBS;ENABLE_MANAGED_JOBS;ENABLE_MANAGED_TRANSFORM_JOBS;ENABLE_MANAGED_UNITYTLS;ENABLE_MARSHALLING_TESTS;ENABLE_MICROPHONE;ENABLE_MONO;ENABLE_MULTIPLE_DISPLAYS;ENABLE_NAVIGATION_OFFMESHLINK_TO_NAVMESHLINK;ENABLE_NETWORK;ENABLE_NULLDEPTHBUFFER;ENABLE_NVIDIA;ENABLE_ONSCREEN_KEYBOARD;ENABLE_PHYSICS;ENABLE_PROFILER;ENABLE_RUNTIME_GI;ENABLE_RUNTIME_PERMISSIONS;ENABLE_SCRIPTING_GC_WBARRIERS;ENABLE_SPATIALTRACKING;ENABLE_SPRITES;ENABLE_TERRAIN;ENABLE_TEXTURE_STREAMING;ENABLE_TILEMAP;ENABLE_TIMELINE;ENABLE_UNITY_GAME_SERVICES_ANALYTICS_SUPPORT;ENABLE_UNITYADS_RUNTIME;ENABLE_UNITYEVENTS;ENABLE_UNITYWEBREQUEST;ENABLE_VIDEO;ENABLE_VIRTUALTEXTURING;ENABLE_VR;ENABLE_WEBCAM;ENABLE_WEBSOCKET_CLIENT;ENABLE_WWW;GFXDEVICE_WAITFOREVENT_MESSAGEPUMP;INCLUDE_DYNAMIC_GI;NET_STANDARD;NET_STANDARD_2_0;NET_STANDARD_2_1;NETSTANDARD;NETSTANDARD2_1;PLATFORM_ANDROID;PLATFORM_SUPPORTS_ADS_ID;PLATFORM_SUPPORTS_MONO;PLATFORM_SUPPORTS_SPLIT_GRAPHICS_JOBS;PLATFORM_SUPPORTS_WAIT_FOR_PRESENTATION;PLATFORM_UPDATES_TIME_OUTSIDE_OF_PLAYER_LOOP;PLATFORM_USES_EXPLICIT_MEMORY_MANAGER_INITIALIZER;TEXTCORE_1_0_OR_NEWER;TEXTCORE_FONT_ENGINE_1_5_OR_NEWER;TEXTCORE_TEXT_ENGINE_1_5_OR_NEWER;TRACE;UNITY_2017_1_OR_NEWER;UNITY_2017_2_OR_NEWER;UNITY_2017_3_OR_NEWER;UNITY_2017_4_OR_NEWER;UNITY_2018_1_OR_NEWER;UNITY_2018_2_OR_NEWER;UNITY_2018_3_OR_NEWER;UNITY_2018_4_OR_NEWER;UNITY_2019_1_OR_NEWER;UNITY_2019_2_OR_NEWER;UNITY_2019_3_OR_NEWER;UNITY_2019_4_OR_NEWER;UNITY_2020_1_OR_NEWER;UNITY_2020_2_OR_NEWER;UNITY_2020_3_OR_NEWER;UNITY_2021_1_OR_NEWER;UNITY_2021_2_OR_NEWER;UNITY_2021_3_OR_NEWER;UNITY_2022_1_OR_NEWER;UNITY_2022_2_OR_NEWER;UNITY_2022_3_OR_NEWER;UNITY_2023;UNITY_2023_1_OR_NEWER;UNITY_2023_2;UNITY_2023_2_5;UNITY_2023_2_OR_NEWER;UNITY_5_3_OR_NEWER;UNITY_5_4_OR_NEWER;UNITY_5_5_OR_NEWER;UNITY_5_6_OR_NEWER;UNITY_ANDROID;UNITY_ANDROID_API;UNITY_ASSERTIONS;UNITY_ASTC_ONLY_DECOMPRESS;UNITY_CAN_SHOW_SPLASH_SCREEN;UNITY_HAS_GOOGLEVR;UNITY_HAS_TANGO;UNITY_POST_PROCESSING_STACK_V2;UNITY_TEAM_LICENSE;UNITY_UNITYADS_API","projectOmissionRegex":"Assembly-CSharp-Editor|Autodesk\\.Fbx\\.Editor|DocCodeExamples|OverloadedFunctionPointers|PPv2URPConverters|PsdPlugin|ScriptablePacker|SeparateAssembly|SingularityGroup\\.HotReload\\.Editor|Unity\\.2D\\.Animation\\.Editor|Unity\\.2D\\.Animation\\.EditorTests|Unity\\.2D\\.Aseprite\\.Common|Unity\\.2D\\.Aseprite\\.Editor|Unity\\.2D\\.Aseprite\\.EditorTests|Unity\\.2D\\.Common\\.Editor|Unity\\.2D\\.Common\\.EditorTests|Unity\\.2D\\.Common\\.Path\\.Editor|Unity\\.2D\\.IK\\.Editor|Unity\\.2D\\.PixelPerfect\\.Editor|Unity\\.2D\\.PixelPerfect\\.EditorTests|Unity\\.2D\\.Psdimporter\\.Editor|Unity\\.2D\\.Psdimporter\\.EditorTests|Unity\\.2D\\.Sprite\\.Editor|Unity\\.2D\\.SpriteShape\\.Editor|Unity\\.2D\\.SpriteShape\\.EditorTests|Unity\\.2D\\.Tilemap\\.Editor|Unity\\.2D\\.Tilemap\\.Extras\\.Editor|Unity\\.2D\\.Tilemap\\.Extras\\.Placeholder\\.EditorTests|Unity\\.AI\\.Navigation\\.Editor|Unity\\.AI\\.Navigation\\.Editor\\.ConversionSystem|Unity\\.AI\\.Navigation\\.Editor\\.Tests|Unity\\.AI\\.Navigation\\.LegacyOffMeshLink\\.Tests|Unity\\.AI\\.Navigation\\.Tests|Unity\\.AI\\.Navigation\\.Updater|Unity\\.Burst\\.CodeGen|Unity\\.Burst\\.Editor|Unity\\.Burst\\.Editor\\.Tests|Unity\\.Burst\\.Tests\\.UnitTests|Unity\\.CollabProxy\\.Editor|Unity\\.Collections\\.BurstCompatibilityGen|Unity\\.Collections\\.CodeGen|Unity\\.Collections\\.DocCodeSamples|Unity\\.Collections\\.Editor|Unity\\.Collections\\.Tests|Unity\\.Collections\\.Tests\\.Playmode|Unity\\.EditorCoroutines\\.Editor|Unity\\.Formats\\.Fbx\\.Editor|Unity\\.InternalAPIEditorBridge\\.001|Unity\\.InternalAPIEditorBridge\\.005|Unity\\.InternalAPIEditorBridgeDev\\.001|Unity\\.LightTransport\\.Editor\\.Tests|Unity\\.Mathematics\\.Editor|Unity\\.Nuget\\.Mono-Cecil|Unity\\.PlasticSCM\\.Editor|Unity\\.Play\\.Publisher\\.Editor|Unity\\.Play\\.Publisher\\.Editor\\.Tests|Unity\\.Postprocessing\\.Editor|Unity\\.Postprocessing\\.Editor\\.Tests|Unity\\.Postprocessing\\.Runtime\\.Tests|Unity\\.Rendering\\.LightTransport\\.Editor|Unity\\.RenderPipelines\\.Core\\.Editor|Unity\\.RenderPipelines\\.Core\\.Editor\\.Shared|Unity\\.RenderPipelines\\.Core\\.Editor\\.Tests|Unity\\.RenderPipelines\\.Core\\.Runtime\\.Tests|Unity\\.RenderPipelines\\.Universal\\.Editor|Unity\\.RenderPipelines\\.Universal\\.Editor\\.Tests|Unity\\.RenderPipelines\\.Universal\\.Runtime\\.Tests|Unity\\.Rider\\.Editor|Unity\\.Searcher\\.Editor|Unity\\.Searcher\\.EditorTests|Unity\\.Settings\\.Editor|Unity\\.ShaderGraph\\.Editor|Unity\\.ShaderGraph\\.Editor\\.Tests|Unity\\.ShaderGraph\\.Utilities|Unity\\.TextMeshPro\\.Editor|Unity\\.TextMeshPro\\.Editor\\.Tests|Unity\\.TextMeshPro\\.Tests|Unity\\.Timeline\\.Editor|Unity\\.VisualScripting\\.Core\\.Editor|Unity\\.VisualScripting\\.Flow\\.Editor|Unity\\.VisualScripting\\.SettingsProvider\\.Editor|Unity\\.VisualScripting\\.Shared\\.Editor|Unity\\.VisualScripting\\.State\\.Editor|Unity\\.VisualStudio\\.Editor|UnityEditor\\.TestRunner|UnityEditor\\.UI|UnityEngine\\.TestRunner|UnityEngine\\.UI\\.Tests","buildMachineHostName":"172.27.170.156","buildMachinePort":33242,"activeBuildTarget":"WebGL"}